<?xml version="1.0" encoding="UTF-8" standalone="yes"?><history><sql url="jdbc:mysql://192.168.0.247:3306/SBL_DB" date="1350490203698">SELECT invoice_rma_connect.*, pc_price FROM invoice_rma_connect JOIN product_child ON pc_id = invoice_rma_connect_pc_id WHERE invoice_rma_connect_rma_id = 1371</sql><sql url="jdbc:mysql://192.168.0.247:3306/SBL_DB" date="1350500088643">SELECT
       UNIX_TIMESTAMP(invoice_rma_created_ts),
       SUM(t.e_qty),
       SUM(t.e_price),
       SUM(t.r_qty),
       SUM(t.r_price)
  FROM invoice_rma 
  JOIN (SELECT SUM(IF(invoice_rma_connect_type = &quot;exchange&quot;, invoice_rma_connect_qty, 0)) AS e_qty,
       SUM(IF(invoice_rma_connect_type = &quot;exchange&quot;, pc_price, 0)) AS e_price,
       SUM(IF(invoice_rma_connect_type = &quot;return&quot;, invoice_rma_connect_qty, 0)) AS r_qty,
       SUM(IF(invoice_rma_connect_type = &quot;return&quot;, pc_price, 0)) AS r_price,
       invoice_rma_connect_rma_id
FROM invoice_rma_connect JOIN product_child ON pc_id = invoice_rma_connect_pc_id GROUP BY invoice_rma_connect_rma_id) AS t
ON invoice_rma_id = t.invoice_rma_connect_rma_id WHERE invoice_rma_status != &quot;denied&quot; AND invoice_rma_created_ts BETWEEN '02-01-2012' AND '10-31-2012' GROUP BY week(invoice_rma_created_ts) ORDER BY invoice_rma_created_ts</sql><sql url="jdbc:mysql://192.168.0.247:3306/SBL_DB" date="1350489742143">select * 
from invoice_rma
 JOIN invoice_rma_connect ON invoice_rma_id = invoice_rma_connect_rma_id 
WHERE month(invoice_rma_created_ts) BETWEEN 8 AND 11 
GROUP BY invoice_rma_id</sql><sql url="jdbc:mysql://192.168.0.247:3306/SBL_DB" date="1350489806751">select *
  from invoice_rma
  JOIN invoice_rma_connect ON invoice_rma_id = invoice_rma_connect_rma_id
 WHERE month(invoice_rma_created_ts) BETWEEN 8 AND 11</sql><sql url="jdbc:mysql://192.168.0.247:3306/SBL_DB" date="1346356010527">select * from sub_category_connect</sql><sql url="jdbc:mysql://192.168.0.247:3306/SBL_DB" date="1350500327645">SELECT
       UNIX_TIMESTAMP(invoice_rma_created_ts),
       SUM(t.e_qty),
       SUM(t.e_price),
       SUM(t.r_qty),
       SUM(t.r_price)
  FROM invoice_rma
  JOIN (SELECT SUM(IF(invoice_rma_connect_type = &quot;exchange&quot;, invoice_rma_connect_qty, 0)) AS e_qty,
       SUM(IF(invoice_rma_connect_type = &quot;exchange&quot;, pc_price, 0)) AS e_price,
       SUM(IF(invoice_rma_connect_type = &quot;return&quot;, invoice_rma_connect_qty, 0)) AS r_qty,
       SUM(IF(invoice_rma_connect_type = &quot;return&quot;, pc_price, 0)) AS r_price,
       invoice_rma_connect_rma_id
FROM invoice_rma_connect JOIN product_child ON pc_id = invoice_rma_connect_pc_id GROUP BY invoice_rma_connect_rma_id) AS t
ON invoice_rma_id = t.invoice_rma_connect_rma_id WHERE invoice_rma_status != &quot;denied&quot; AND DATE_FORMAT(invoice_rma_created_ts,'%m-%d-%Y') BETWEEN '02-01-2012' AND '10-31-2012 23:59:59' GROUP BY week(invoice_rma_created_ts) ORDER BY invoice_rma_created_ts</sql><sql url="jdbc:mysql://192.168.0.247:3306/SBL_DB" date="1350489934527">select * FROM invoice_rma_connect GROUP BY invoice_rma_connect_rma_id HAVING COUNT(*) &gt; 4</sql><sql url="jdbc:mysql://192.168.0.247:3306/SBL_DB" date="1346359461601">SELECT MAX(scc_sub_order) FROM sub_category_connect</sql><sql url="jdbc:mysql://192.168.0.247:3306/SBL_DB" date="1349987647569">select m.*,s.* from rma_options_main m LEFT JOIN rma_options_sub s ON rma_option_main_id = inventory_option_detail_option_id ORDER BY rma_option_main_value, inventory_option_detail_details</sql><sql url="jdbc:mysql://192.168.0.247:3306/SBL_DB" date="1351108244236">SELECT DATE_FORMAT(invoice_rma_created_ts,'%b %Y') FROM invoice_rma</sql><sql url="jdbc:mysql://192.168.0.247:3306/SBL_DB" date="1350490135531">SELECT * FROM invoice_rma_connect WHERE invoice_rma_connect_rma_id = 1371</sql><sql url="jdbc:mysql://192.168.0.247:3306/SBL_DB" date="1350490509211">SELECT SUM(IF(invoice_rma_connect_type = 'exchange', invoice_rma_connect_qty, 0)) AS e_qty,
       SUM(IF(invoice_rma_connect_type = 'exchange', pc_price, 0)) AS e_price,
       SUM(IF(invoice_rma_connect_type = 'return', invoice_rma_connect_qty, 0)) AS r_qty,
       SUM(IF(invoice_rma_connect_type = 'return', pc_price, 0)) AS r_price,
       invoice_rma_connect_rma_id
FROM invoice_rma_connect JOIN product_child ON pc_id = invoice_rma_connect_pc_id WHERE invoice_rma_connect_rma_id = 1371 GROUP BY invoice_rma_connect_rma_id</sql><sql url="jdbc:mysql://192.168.0.247:3306/SBL_DB" date="1350491483663">SELECT 
       monthname(invoice_rma_created_ts) as label,
       SUM(t.e_qty),
       SUM(t.e_price),
       SUM(t.r_qty),
       SUM(t.r_price),
       invoice_rma.*, t.* FROM invoice_rma JOIN (SELECT SUM(IF(invoice_rma_connect_type = 'exchange', invoice_rma_connect_qty, 0)) AS e_qty,
       SUM(IF(invoice_rma_connect_type = 'exchange', pc_price, 0)) AS e_price,
       SUM(IF(invoice_rma_connect_type = 'return', invoice_rma_connect_qty, 0)) AS r_qty,
       SUM(IF(invoice_rma_connect_type = 'return', pc_price, 0)) AS r_price,
       invoice_rma_connect_rma_id

FROM invoice_rma_connect JOIN product_child ON pc_id = invoice_rma_connect_pc_id GROUP BY invoice_rma_connect_rma_id) AS t
ON invoice_rma_id = t.invoice_rma_connect_rma_id WHERE invoice_rma_status != 'denied' GROUP BY label</sql><sql url="jdbc:mysql://192.168.0.247:3306/SBL_DB" date="1350071607726">SELECT 
    SUM(invoice_rma_connect_qty) as howMany,
    IF(
        invoice_rma_connect_specific_detail_id IS NULL,
        invoice_rma_connect_main_detail_id,
        CONCAT(
            invoice_rma_connect_main_detail_id,
            '-',
            invoice_rma_connect_specific_detail_id
        )
    ) AS reason_id,
    rma_option_main_value,
    inventory_option_detail_details,
invoice_rma_connect.*
FROM invoice_rma_connect
LEFT JOIN rma_options_main ON invoice_rma_connect_main_detail_id = rma_option_main_id
LEFT JOIN rma_options_sub ON invoice_rma_connect_specific_detail_id = inventory_option_detail_id
HAVING reason_id &gt; 4</sql><sql url="jdbc:mysql://192.168.0.247:3306/SBL_DB" date="1350489978636">SELECT * FROM invoice_rma_connect WHERE invoice_rma_connect_rma_id IN (select invoice_rma_connect_id FROM invoice_rma_connect GROUP BY invoice_rma_connect_rma_id HAVING COUNT(*) &gt; 4)</sql><sql url="jdbc:mysql://192.168.0.247:3306/SBL_DB" date="1349987550877">select * from rma_options_main LEFT JOIN rma_options_sub ON rma_option_main_id = inventory_option_detail_option_id ORDER BY rma_option_main_value, inventory_option_detail_details</sql><sql url="jdbc:mysql://192.168.0.247:3306/SBL_DB" date="1348251528540">select * from customer_head GROUP BY cust_email, cust_password</sql><sql url="jdbc:mysql://192.168.0.247:3306/SBL_DB" date="1350491610190">SELECT 
       monthname(invoice_rma_created_ts) as label,
       month(invoice_rma_created_ts) AS ordering,
       SUM(t.e_qty),
       SUM(t.e_price),
       SUM(t.r_qty),
       SUM(t.r_price)
  FROM invoice_rma JOIN (SELECT SUM(IF(invoice_rma_connect_type = 'exchange', invoice_rma_connect_qty, 0)) AS e_qty,
       SUM(IF(invoice_rma_connect_type = 'exchange', pc_price, 0)) AS e_price,
       SUM(IF(invoice_rma_connect_type = 'return', invoice_rma_connect_qty, 0)) AS r_qty,
       SUM(IF(invoice_rma_connect_type = 'return', pc_price, 0)) AS r_price,
       invoice_rma_connect_rma_id

FROM invoice_rma_connect JOIN product_child ON pc_id = invoice_rma_connect_pc_id GROUP BY invoice_rma_connect_rma_id) AS t
ON invoice_rma_id = t.invoice_rma_connect_rma_id WHERE invoice_rma_status != 'denied' GROUP BY label ORDER BY ordering</sql><sql url="jdbc:mysql://192.168.0.247:3306/SBL_DB" date="1350497261015">SELECT 
       UNIX_TIMESTAMP(invoice_rma_created_ts),
       SUM(t.e_qty),
       SUM(t.e_price),
       SUM(t.r_qty),
       SUM(t.r_price)
  FROM invoice_rma JOIN (SELECT SUM(IF(invoice_rma_connect_type = 'exchange', invoice_rma_connect_qty, 0)) AS e_qty,
       SUM(IF(invoice_rma_connect_type = 'exchange', pc_price, 0)) AS e_price,
       SUM(IF(invoice_rma_connect_type = 'return', invoice_rma_connect_qty, 0)) AS r_qty,
       SUM(IF(invoice_rma_connect_type = 'return', pc_price, 0)) AS r_price,
       invoice_rma_connect_rma_id

FROM invoice_rma_connect JOIN product_child ON pc_id = invoice_rma_connect_pc_id GROUP BY invoice_rma_connect_rma_id) AS t
ON invoice_rma_id = t.invoice_rma_connect_rma_id WHERE invoice_rma_status != 'denied' GROUP BY WEEK(invoice_rma_created_ts) ORDER BY invoice_rma_created_ts</sql><sql url="jdbc:mysql://192.168.0.247:3306/SBL_DB" date="1350067652904">SELECT invoice_rma_connect.*, SUM(invoice_rma_connect_qty), IF(invoice_rma_connect_specific_detail_id IS NULL, invoice_rma_connect_main_detail_id, CONCAT(invoice_rma_connect_main_detail_id, '-', invoice_rma_connect_specific_detail_id)) AS reason_id FROM invoice_rma_connect LEFT JOIN rma_options_main ON invoice_rma GROUP BY reason_id</sql><sql url="jdbc:mysql://192.168.0.247:3306/SBL_DB" date="1350067895491">SELECT 
    SUM(invoice_rma_connect_qty) as howMany,
    IF(
        invoice_rma_connect_specific_detail_id IS NULL,
        invoice_rma_connect_main_detail_id,
        CONCAT(
            invoice_rma_connect_main_detail_id,
            '-',
            invoice_rma_connect_specific_detail_id
        )
    ) AS reason_id,

    CONCAT(rma_option_main_value, inventory_option_detail_details),
invoice_rma_connect.*
FROM invoice_rma_connect
LEFT JOIN rma_options_main ON invoice_rma_connect_main_detail_id = rma_option_main_id
LEFT JOIN rma_options_sub ON invoice_rma_connect_specific_detail_id = inventory_option_detail_id
GROUP BY reason_id</sql><sql url="jdbc:mysql://192.168.0.247:3306/SBL_DB" date="1350491338118">SELECT 
       month(invoice_rma_created_ts) as label,
       invoice_rma.*, t.* FROM invoice_rma JOIN (SELECT SUM(IF(invoice_rma_connect_type = 'exchange', invoice_rma_connect_qty, 0)) AS e_qty,
       SUM(IF(invoice_rma_connect_type = 'exchange', pc_price, 0)) AS e_price,
       SUM(IF(invoice_rma_connect_type = 'return', invoice_rma_connect_qty, 0)) AS r_qty,
       SUM(IF(invoice_rma_connect_type = 'return', pc_price, 0)) AS r_price,
       invoice_rma_connect_rma_id

FROM invoice_rma_connect JOIN product_child ON pc_id = invoice_rma_connect_pc_id GROUP BY invoice_rma_connect_rma_id) AS t
ON invoice_rma_id = t.invoice_rma_connect_rma_id WHERE invoice_rma_status != 'denied' GROUP BY label</sql><sql url="jdbc:mysql://192.168.0.247:3306/SBL_DB" date="1351177453582">SELECT * FROM invoice_rma JOIN invoice_rma_connect ON invoice_rma_id = invoice_rma_connect_rma_id JOIN product_child ON pc_id = invoice_rma_connect_pc_id JOIN rma_options_main ON rma_option_main_id = invoice_rma_connect_main_detail_id LEFT JOIN rma_options_sub ON inventory_option_detail_id = invoice_rma_connect_specific_detail_id WHERE invoice_rma_connect_type = 'exchange'</sql><sql url="jdbc:mysql://192.168.0.247:3306/SBL_DB" date="1348251629006">select cust_email, GROUP_CONCAT(cust_id),COUNT(*) as how_many from customer_head GROUP BY cust_email, cust_password HAVING how_many &gt; 1</sql><sql url="jdbc:mysql://192.168.0.247:3306/SBL_DB" date="1350497227499">SELECT 
       invoice_created_ts,
       SUM(t.e_qty),
       SUM(t.e_price),
       SUM(t.r_qty),
       SUM(t.r_price)
  FROM invoice_rma JOIN (SELECT SUM(IF(invoice_rma_connect_type = 'exchange', invoice_rma_connect_qty, 0)) AS e_qty,
       SUM(IF(invoice_rma_connect_type = 'exchange', pc_price, 0)) AS e_price,
       SUM(IF(invoice_rma_connect_type = 'return', invoice_rma_connect_qty, 0)) AS r_qty,
       SUM(IF(invoice_rma_connect_type = 'return', pc_price, 0)) AS r_price,
       invoice_rma_connect_rma_id

FROM invoice_rma_connect JOIN product_child ON pc_id = invoice_rma_connect_pc_id GROUP BY invoice_rma_connect_rma_id) AS t
ON invoice_rma_id = t.invoice_rma_connect_rma_id WHERE invoice_rma_status != 'denied' GROUP BY MONTH(invoice_rma_created_ts) ORDER BY invoice_rma_created_ts</sql><sql url="jdbc:mysql://192.168.0.247:3306/SBL_DB" date="1350490243355">SELECT pc_price, invoice_rma_connect_type, invoice_rma_connect_qty FROM invoice_rma_connect JOIN product_child ON pc_id = invoice_rma_connect_pc_id WHERE invoice_rma_connect_rma_id = 1371</sql><sql url="jdbc:mysql://192.168.0.247:3306/SBL_DB" date="1346359495844">SELECT MAX(scc_sub_order) FROM sub_category_connect WHERE scc_category_id =2</sql><sql url="jdbc:mysql://192.168.0.247:3306/SBL_DB" date="1346359498354">SELECT MAX(scc_sub_order) FROM sub_category_connect WHERE scc_category_id =1</sql><sql url="jdbc:mysql://192.168.0.247:3306/SBL_DB" date="1346359493414">SELECT MAX(scc_sub_order) FROM sub_category_connect WHERE scc_category_id =4</sql><sql url="jdbc:mysql://192.168.0.247:3306/SBL_DB" date="1346355948326">SELECT scc_id,
                   cat_title
              FROM sub_category_connect
              JOIN category ON cat_id = scc_sub_category_id
               AND scc_connection_type = 'direct'
             WHERE scc_category_id = 2
             ORDER BY scc_sub_order</sql><sql url="jdbc:mysql://192.168.0.247:3306/SBL_DB" date="1350490008833">SELECT * FROM invoice_rma_connect i1 WHERE i1.invoice_rma_connect_rma_id IN (select i2.invoice_rma_connect_id FROM invoice_rma_connect i2 GROUP BY i2.invoice_rma_connect_rma_id HAVING COUNT(*) &gt; 4)</sql><sql url="jdbc:mysql://192.168.0.247:3306/SBL_DB" date="1350490771201">SELECT * FROM (SELECT SUM(IF(invoice_rma_connect_type = 'exchange', invoice_rma_connect_qty, 0)) AS e_qty,
       SUM(IF(invoice_rma_connect_type = 'exchange', pc_price, 0)) AS e_price,
       SUM(IF(invoice_rma_connect_type = 'return', invoice_rma_connect_qty, 0)) AS r_qty,
       SUM(IF(invoice_rma_connect_type = 'return', pc_price, 0)) AS r_price,
       invoice_rma_connect_rma_id
FROM invoice_rma_connect JOIN product_child ON pc_id = invoice_rma_connect_pc_id GROUP BY invoice_rma_connect_rma_id) AS t</sql><sql url="jdbc:mysql://192.168.0.247:3306/SBL_DB" date="1350500158524">SELECT
       UNIX_TIMESTAMP(invoice_rma_created_ts),
       SUM(t.e_qty),
       SUM(t.e_price),
       SUM(t.r_qty),
       SUM(t.r_price)
  FROM invoice_rma
  JOIN (SELECT SUM(IF(invoice_rma_connect_type = &quot;exchange&quot;, invoice_rma_connect_qty, 0)) AS e_qty,
       SUM(IF(invoice_rma_connect_type = &quot;exchange&quot;, pc_price, 0)) AS e_price,
       SUM(IF(invoice_rma_connect_type = &quot;return&quot;, invoice_rma_connect_qty, 0)) AS r_qty,
       SUM(IF(invoice_rma_connect_type = &quot;return&quot;, pc_price, 0)) AS r_price,
       invoice_rma_connect_rma_id
FROM invoice_rma_connect JOIN product_child ON pc_id = invoice_rma_connect_pc_id GROUP BY invoice_rma_connect_rma_id) AS t
ON invoice_rma_id = t.invoice_rma_connect_rma_id WHERE invoice_rma_status != &quot;denied&quot; AND invoice_rma_created_ts &gt; '02-01-2012' AND invoice_rma_created_ts &lt; '10-31-2012' GROUP BY week(invoice_rma_created_ts) ORDER BY invoice_rma_created_ts</sql><sql url="jdbc:mysql://192.168.0.247:3306/SBL_DB" date="1350500133443">SELECT
       UNIX_TIMESTAMP(invoice_rma_created_ts),
       SUM(t.e_qty),
       SUM(t.e_price),
       SUM(t.r_qty),
       SUM(t.r_price)
  FROM invoice_rma
  JOIN (SELECT SUM(IF(invoice_rma_connect_type = &quot;exchange&quot;, invoice_rma_connect_qty, 0)) AS e_qty,
       SUM(IF(invoice_rma_connect_type = &quot;exchange&quot;, pc_price, 0)) AS e_price,
       SUM(IF(invoice_rma_connect_type = &quot;return&quot;, invoice_rma_connect_qty, 0)) AS r_qty,
       SUM(IF(invoice_rma_connect_type = &quot;return&quot;, pc_price, 0)) AS r_price,
       invoice_rma_connect_rma_id
FROM invoice_rma_connect JOIN product_child ON pc_id = invoice_rma_connect_pc_id GROUP BY invoice_rma_connect_rma_id) AS t
ON invoice_rma_id = t.invoice_rma_connect_rma_id WHERE invoice_rma_status != &quot;denied&quot; AND invoice_rma_created_ts &gt; '02-01-2012'  GROUP BY week(invoice_rma_created_ts) ORDER BY invoice_rma_created_ts</sql><sql url="jdbc:mysql://192.168.0.247:3306/SBL_DB" date="1349987727190">select IF(inventory_option_detail_id IS NULL, rma_option_main_id, CONCAT(rma_option_main_id, '-',inventory_option_detail_id))m.*,s.* from rma_options_main m LEFT JOIN rma_options_sub s ON rma_option_main_id = inventory_option_detail_option_id ORDER BY rma_option_main_value, inventory_option_detail_details</sql><sql url="jdbc:mysql://192.168.0.247:3306/SBL_DB" date="1350490866736">SELECT t.* FROM invoice_rma JOIN (SELECT SUM(IF(invoice_rma_connect_type = 'exchange', invoice_rma_connect_qty, 0)) AS e_qty,
       SUM(IF(invoice_rma_connect_type = 'exchange', pc_price, 0)) AS e_price,
       SUM(IF(invoice_rma_connect_type = 'return', invoice_rma_connect_qty, 0)) AS r_qty,
       SUM(IF(invoice_rma_connect_type = 'return', pc_price, 0)) AS r_price,
       invoice_rma_connect_rma_id

FROM invoice_rma_connect JOIN product_child ON pc_id = invoice_rma_connect_pc_id GROUP BY invoice_rma_connect_rma_id) AS t</sql><sql url="jdbc:mysql://192.168.0.247:3306/SBL_DB" date="1350490015822">(select i2.invoice_rma_connect_id FROM invoice_rma_connect i2 GROUP BY i2.invoice_rma_connect_rma_id HAVING COUNT(*) &gt; 4)</sql><sql url="jdbc:mysql://192.168.0.247:3306/SBL_DB" date="1346359621363">desc sub_category_connect</sql><sql url="jdbc:mysql://192.168.0.247:3306/SBL_DB" date="1350490051664">SELECT * from invoice_rma_connect WHERE invoice_rma_connect_rma_id IN (select i2.invoice_rma_connect_rma_id FROM invoice_rma_connect i2 GROUP BY i2.invoice_rma_connect_rma_id HAVING COUNT(*) &gt; 4)</sql><sql url="jdbc:mysql://192.168.0.247:3306/SBL_DB" date="1351259089570">SELECT *  FROM invoice_rma JOIN invoice_rma_connect ON invoice_rma_id = invoice_rma_connect_rma_id JOIN product_child ON pc_id = invoice_rma_connect_pc_id JOIN rma_options_main ON rma_option_main_id = invoice_rma_connect_main_detail_id LEFT JOIN rma_options_sub ON inventory_option_detail_id = invoice_rma_connect_specific_detail_id</sql><sql url="jdbc:mysql://192.168.0.247:3306/SBL_DB" date="1346359517310">SELECT IFNULL(MAX(scc_sub_order), 1) FROM sub_category_connect WHERE scc_category_id =28</sql><sql url="jdbc:mysql://192.168.0.247:3306/SBL_DB" date="1346359501790">SELECT MAX(scc_sub_order) FROM sub_category_connect WHERE scc_category_id =28</sql><sql url="jdbc:mysql://192.168.0.247:3306/SBL_DB" date="1349987503315">select * from rma_options_main LEFT JOIN rma_options_sub ON rma_option_main_id = inventory_option_deail_option_id</sql><sql url="jdbc:mysql://192.168.0.247:3306/SBL_DB" date="1350500174418">SELECT
       UNIX_TIMESTAMP(invoice_rma_created_ts),
       SUM(t.e_qty),
       SUM(t.e_price),
       SUM(t.r_qty),
       SUM(t.r_price)
  FROM invoice_rma
  JOIN (SELECT SUM(IF(invoice_rma_connect_type = &quot;exchange&quot;, invoice_rma_connect_qty, 0)) AS e_qty,
       SUM(IF(invoice_rma_connect_type = &quot;exchange&quot;, pc_price, 0)) AS e_price,
       SUM(IF(invoice_rma_connect_type = &quot;return&quot;, invoice_rma_connect_qty, 0)) AS r_qty,
       SUM(IF(invoice_rma_connect_type = &quot;return&quot;, pc_price, 0)) AS r_price,
       invoice_rma_connect_rma_id
FROM invoice_rma_connect JOIN product_child ON pc_id = invoice_rma_connect_pc_id GROUP BY invoice_rma_connect_rma_id) AS t
ON invoice_rma_id = t.invoice_rma_connect_rma_id WHERE invoice_rma_status != &quot;denied&quot; AND invoice_rma_created_ts &gt; '02-01-2012' AND invoice_rma_created_ts &lt; '10-31-2012 23:59:59' GROUP BY week(invoice_rma_created_ts) ORDER BY invoice_rma_created_ts</sql><sql url="jdbc:mysql://192.168.0.247:3306/SBL_DB" date="1349987458731">select * from rma_options_main LEFT JOIN rma_options_sub</sql><sql url="jdbc:mysql://192.168.0.247:3306/SBL_DB" date="1351177365514">SELECT * FROM invoice_rma JOIN invoice_rma_connect ON invoice_rma_id = invoice_rma_connect_rma_id JOIN product_child ON pc_id = invoice_rma_connect_pc_id WHERE invoice_rma_connect_type = 'exchange'</sql><sql url="jdbc:mysql://192.168.0.247:3306/SBL_DB" date="1351259065551">SELECT invoice_rma_connect_qty, pc_part_number, pc_price, rma_option_main_value, inventory_option_detail_details  FROM invoice_rma JOIN invoice_rma_connect ON invoice_rma_id = invoice_rma_connect_rma_id JOIN product_child ON pc_id = invoice_rma_connect_pc_id JOIN rma_options_main ON rma_option_main_id = invoice_rma_connect_main_detail_id LEFT JOIN rma_options_sub ON inventory_option_detail_id = invoice_rma_connect_specific_detail_id WHERE invoice_rma_connect_type = 'exchange'</sql><sql url="jdbc:mysql://192.168.0.247:3306/SBL_DB" date="1350491516622">SELECT 
       monthname(invoice_rma_created_ts) as label,
       SUM(t.e_qty),
       SUM(t.e_price),
       SUM(t.r_qty),
       SUM(t.r_price)
  FROM invoice_rma JOIN (SELECT SUM(IF(invoice_rma_connect_type = 'exchange', invoice_rma_connect_qty, 0)) AS e_qty,
       SUM(IF(invoice_rma_connect_type = 'exchange', pc_price, 0)) AS e_price,
       SUM(IF(invoice_rma_connect_type = 'return', invoice_rma_connect_qty, 0)) AS r_qty,
       SUM(IF(invoice_rma_connect_type = 'return', pc_price, 0)) AS r_price,
       invoice_rma_connect_rma_id

FROM invoice_rma_connect JOIN product_child ON pc_id = invoice_rma_connect_pc_id GROUP BY invoice_rma_connect_rma_id) AS t
ON invoice_rma_id = t.invoice_rma_connect_rma_id WHERE invoice_rma_status != 'denied' GROUP BY label</sql><sql url="jdbc:mysql://192.168.0.247:3306/SBL_DB" date="1350489907086">select * FROM invoice_rma_connect</sql><sql url="jdbc:mysql://192.168.0.247:3306/SBL_DB" date="1350490627649">SELECT SUM(IF(invoice_rma_connect_type = 'exchange', invoice_rma_connect_qty, 0)) AS e_qty,
       SUM(IF(invoice_rma_connect_type = 'exchange', pc_price, 0)) AS e_price,
       SUM(IF(invoice_rma_connect_type = 'return', invoice_rma_connect_qty, 0)) AS r_qty,
       SUM(IF(invoice_rma_connect_type = 'return', pc_price, 0)) AS r_price,
       invoice_rma_connect_rma_id
FROM invoice_rma_connect JOIN product_child ON pc_id = invoice_rma_connect_pc_id GROUP BY invoice_rma_connect_rma_id</sql><sql url="jdbc:mysql://192.168.0.247:3306/SBL_DB" date="1350490885364">SELECT t.* FROM invoice_rma JOIN (SELECT SUM(IF(invoice_rma_connect_type = 'exchange', invoice_rma_connect_qty, 0)) AS e_qty,
       SUM(IF(invoice_rma_connect_type = 'exchange', pc_price, 0)) AS e_price,
       SUM(IF(invoice_rma_connect_type = 'return', invoice_rma_connect_qty, 0)) AS r_qty,
       SUM(IF(invoice_rma_connect_type = 'return', pc_price, 0)) AS r_price,
       invoice_rma_connect_rma_id

FROM invoice_rma_connect JOIN product_child ON pc_id = invoice_rma_connect_pc_id GROUP BY invoice_rma_connect_rma_id) AS t
ON invoice_rma_id = t.invoice_rma_connect_id</sql><sql url="jdbc:mysql://192.168.0.247:3306/SBL_DB" date="1350490938421">SELECT invoice_rma.*, t.* FROM invoice_rma JOIN (SELECT SUM(IF(invoice_rma_connect_type = 'exchange', invoice_rma_connect_qty, 0)) AS e_qty,
       SUM(IF(invoice_rma_connect_type = 'exchange', pc_price, 0)) AS e_price,
       SUM(IF(invoice_rma_connect_type = 'return', invoice_rma_connect_qty, 0)) AS r_qty,
       SUM(IF(invoice_rma_connect_type = 'return', pc_price, 0)) AS r_price,
       invoice_rma_connect_rma_id

FROM invoice_rma_connect JOIN product_child ON pc_id = invoice_rma_connect_pc_id GROUP BY invoice_rma_connect_rma_id) AS t
ON invoice_rma_id = t.invoice_rma_connect_rma_id</sql><sql url="jdbc:mysql://192.168.0.247:3306/SBL_DB" date="1350489799481">select COUNT(*)*
  from invoice_rma
  JOIN invoice_rma_connect ON invoice_rma_id = invoice_rma_connect_rma_id
 WHERE month(invoice_rma_created_ts) BETWEEN 8 AND 11</sql><sql url="jdbc:mysql://192.168.0.247:3306/SBL_DB" date="1350497246353">SELECT 
       UNIX_TIMESTAMP(invoice_rma_created_ts),
       SUM(t.e_qty),
       SUM(t.e_price),
       SUM(t.r_qty),
       SUM(t.r_price)
  FROM invoice_rma JOIN (SELECT SUM(IF(invoice_rma_connect_type = 'exchange', invoice_rma_connect_qty, 0)) AS e_qty,
       SUM(IF(invoice_rma_connect_type = 'exchange', pc_price, 0)) AS e_price,
       SUM(IF(invoice_rma_connect_type = 'return', invoice_rma_connect_qty, 0)) AS r_qty,
       SUM(IF(invoice_rma_connect_type = 'return', pc_price, 0)) AS r_price,
       invoice_rma_connect_rma_id

FROM invoice_rma_connect JOIN product_child ON pc_id = invoice_rma_connect_pc_id GROUP BY invoice_rma_connect_rma_id) AS t
ON invoice_rma_id = t.invoice_rma_connect_rma_id WHERE invoice_rma_status != 'denied' GROUP BY MONTH(invoice_rma_created_ts) ORDER BY invoice_rma_created_ts</sql><sql url="jdbc:mysql://192.168.0.247:3306/SBL_DB" date="1350491293112">SELECT invoice_rma.*, t.* FROM invoice_rma JOIN (SELECT SUM(IF(invoice_rma_connect_type = 'exchange', invoice_rma_connect_qty, 0)) AS e_qty,
       SUM(IF(invoice_rma_connect_type = 'exchange', pc_price, 0)) AS e_price,
       SUM(IF(invoice_rma_connect_type = 'return', invoice_rma_connect_qty, 0)) AS r_qty,
       SUM(IF(invoice_rma_connect_type = 'return', pc_price, 0)) AS r_price,
       invoice_rma_connect_rma_id

FROM invoice_rma_connect JOIN product_child ON pc_id = invoice_rma_connect_pc_id GROUP BY invoice_rma_connect_rma_id) AS t
ON invoice_rma_id = t.invoice_rma_connect_rma_id WHERE invoice_rma_status != 'denied' GROUP BY MONTH(invoice_rma_created_ts)</sql><sql url="jdbc:mysql://192.168.0.247:3306/SBL_DB" date="1348251170148">select * from customer_connect</sql><sql url="jdbc:mysql://192.168.0.247:3306/SBL_DB" date="1349987509420">select * from rma_options_main LEFT JOIN rma_options_sub ON rma_option_main_id = inventory_option_detail_option_id</sql><sql url="jdbc:mysql://192.168.0.247:3306/SBL_DB" date="1346359537512">SELECT min(scc_sub_order) FROM sub_category_connect</sql><sql url="jdbc:mysql://192.168.0.247:3306/SBL_DB" date="1350490627667">select * from invoice_rma_connect WHERE invoice_rma_connect_rma_id = 1135</sql><sql url="jdbc:mysql://192.168.0.247:3306/SBL_DB" date="1350489725497">select * from invoice_rma JOIN invoice_rma_connect ON invoice_rma_id = invoice_rma_connect_rma_id WHERE month(invoice_rma_created_ts) BETWEEN 8 AND 11 GROUP BY invoice_rma_id</sql><sql url="jdbc:mysql://192.168.0.247:3306/SBL_DB" date="1346355966984">SELECT scc_id,
                   cat_title
              FROM sub_category_connect
              JOIN category ON cat_id = scc_sub_category_id
               AND scc_connection_type = 'direct'
             WHERE scc_category_id = 1
             ORDER BY scc_sub_order</sql><sql url="jdbc:mysql://192.168.0.247:3306/SBL_DB" date="1350490780776">SELECT t.* FROM (SELECT SUM(IF(invoice_rma_connect_type = 'exchange', invoice_rma_connect_qty, 0)) AS e_qty,
       SUM(IF(invoice_rma_connect_type = 'exchange', pc_price, 0)) AS e_price,
       SUM(IF(invoice_rma_connect_type = 'return', invoice_rma_connect_qty, 0)) AS r_qty,
       SUM(IF(invoice_rma_connect_type = 'return', pc_price, 0)) AS r_price,
       invoice_rma_connect_rma_id
FROM invoice_rma_connect JOIN product_child ON pc_id = invoice_rma_connect_pc_id GROUP BY invoice_rma_connect_rma_id) AS t</sql><sql url="jdbc:mysql://192.168.0.247:3306/SBL_DB" date="1350067703208">SELECT invoice_rma_connect.*, SUM(invoice_rma_connect_qty), IF(invoice_rma_connect_specific_detail_id IS NULL, invoice_rma_connect_main_detail_id, CONCAT(invoice_rma_connect_main_detail_id, '-', invoice_rma_connect_specific_detail_id)) AS reason_id FROM invoice_rma_connect LEFT JOIN rma_options_main ON invoice_rma_connect_main_detail_id = rma_option_main_id LEFT JOIN rma_options_sub ON invoice_rma_connect_specific_detail_id = inventory_option_detail_id GROUP BY reason_id</sql><sql url="jdbc:mysql://192.168.0.247:3306/SBL_DB" date="1351114208614">select from_unixtime(1305712800)</sql><sql url="jdbc:mysql://192.168.0.247:3306/SBL_DB" date="1348251567942">select COUNT(*) as how_many from customer_head GROUP BY cust_email, cust_password HAVING how_many &gt; 1</sql><sql url="jdbc:mysql://192.168.0.247:3306/SBL_DB" date="1350490029193">(select i2.invoice_rma_connect_rma_id FROM invoice_rma_connect i2 GROUP BY i2.invoice_rma_connect_rma_id HAVING COUNT(*) &gt; 4)</sql><sql url="jdbc:mysql://192.168.0.247:3306/SBL_DB" date="1350500229496">SELECT
       UNIX_TIMESTAMP(invoice_rma_created_ts),
       SUM(t.e_qty),
       SUM(t.e_price),
       SUM(t.r_qty),
       SUM(t.r_price)
  FROM invoice_rma
  JOIN (SELECT SUM(IF(invoice_rma_connect_type = &quot;exchange&quot;, invoice_rma_connect_qty, 0)) AS e_qty,
       SUM(IF(invoice_rma_connect_type = &quot;exchange&quot;, pc_price, 0)) AS e_price,
       SUM(IF(invoice_rma_connect_type = &quot;return&quot;, invoice_rma_connect_qty, 0)) AS r_qty,
       SUM(IF(invoice_rma_connect_type = &quot;return&quot;, pc_price, 0)) AS r_price,
       invoice_rma_connect_rma_id
FROM invoice_rma_connect JOIN product_child ON pc_id = invoice_rma_connect_pc_id GROUP BY invoice_rma_connect_rma_id) AS t
ON invoice_rma_id = t.invoice_rma_connect_rma_id WHERE invoice_rma_status != &quot;denied&quot; AND DATE_FORMAT(invoice_rma_created_ts,'%M-%D-%Y') BETWEEN '02-01-2012' '10-31-2012 23:59:59' GROUP BY week(invoice_rma_created_ts) ORDER BY invoice_rma_created_ts</sql><sql url="jdbc:mysql://192.168.0.247:3306/SBL_DB" date="1350067933181">SELECT 
    SUM(invoice_rma_connect_qty) as howMany,
    IF(
        invoice_rma_connect_specific_detail_id IS NULL,
        invoice_rma_connect_main_detail_id,
        CONCAT(
            invoice_rma_connect_main_detail_id,
            '-',
            invoice_rma_connect_specific_detail_id
        )
    ) AS reason_id,
    rma_option_main_value,
    inventory_option_detail_details,
invoice_rma_connect.*
FROM invoice_rma_connect
LEFT JOIN rma_options_main ON invoice_rma_connect_main_detail_id = rma_option_main_id
LEFT JOIN rma_options_sub ON invoice_rma_connect_specific_detail_id = inventory_option_detail_id
GROUP BY reason_id</sql><sql url="jdbc:mysql://192.168.0.247:3306/SBL_DB" date="1350489623180">select * from invoice_rma</sql><sql url="jdbc:mysql://192.168.0.247:3306/SBL_DB" date="1348251644568">select cust_email, GROUP_CONCAT(cust_id),COUNT(*) as how_many from customer_head WHERE cust_email &gt; '' GROUP BY cust_email, cust_password HAVING how_many &gt; 1</sql><sql url="jdbc:mysql://192.168.0.247:3306/SBL_DB" date="1350491511640">SELECT 
       monthname(invoice_rma_created_ts) as label,
       SUM(t.e_qty),
       SUM(t.e_price),
       SUM(t.r_qty),
       SUM(t.r_price),
  FROM invoice_rma JOIN (SELECT SUM(IF(invoice_rma_connect_type = 'exchange', invoice_rma_connect_qty, 0)) AS e_qty,
       SUM(IF(invoice_rma_connect_type = 'exchange', pc_price, 0)) AS e_price,
       SUM(IF(invoice_rma_connect_type = 'return', invoice_rma_connect_qty, 0)) AS r_qty,
       SUM(IF(invoice_rma_connect_type = 'return', pc_price, 0)) AS r_price,
       invoice_rma_connect_rma_id

FROM invoice_rma_connect JOIN product_child ON pc_id = invoice_rma_connect_pc_id GROUP BY invoice_rma_connect_rma_id) AS t
ON invoice_rma_id = t.invoice_rma_connect_rma_id WHERE invoice_rma_status != 'denied' GROUP BY label</sql><sql url="jdbc:mysql://192.168.0.247:3306/SBL_DB" date="1346359529112">SELECT (min(scc_sub_order)) FROM sub_category_connect WHERE scc_category_id =28</sql><sql url="jdbc:mysql://192.168.0.247:3306/SBL_DB" date="1350490902796">SELECT t.* FROM invoice_rma JOIN (SELECT SUM(IF(invoice_rma_connect_type = 'exchange', invoice_rma_connect_qty, 0)) AS e_qty,
       SUM(IF(invoice_rma_connect_type = 'exchange', pc_price, 0)) AS e_price,
       SUM(IF(invoice_rma_connect_type = 'return', invoice_rma_connect_qty, 0)) AS r_qty,
       SUM(IF(invoice_rma_connect_type = 'return', pc_price, 0)) AS r_price,
       invoice_rma_connect_rma_id

FROM invoice_rma_connect JOIN product_child ON pc_id = invoice_rma_connect_pc_id GROUP BY invoice_rma_connect_rma_id) AS t
ON invoice_rma_id = t.invoice_rma_connect_rma_id</sql><sql url="jdbc:mysql://192.168.0.247:3306/SBL_DB" date="1349987746045">select IF(
    inventory_option_detail_id IS NULL, 
    rma_option_main_id, 
    CONCAT(rma_option_main_id, '-',inventory_option_detail_id)),m.*,s.* from rma_options_main m LEFT JOIN rma_options_sub s ON rma_option_main_id = inventory_option_detail_option_id ORDER BY rma_option_main_value, inventory_option_detail_details</sql><sql url="jdbc:mysql://192.168.0.247:3306/SBL_DB" date="1350497221580">SELECT 
       invoice_created_ts),
       SUM(t.e_qty),
       SUM(t.e_price),
       SUM(t.r_qty),
       SUM(t.r_price)
  FROM invoice_rma JOIN (SELECT SUM(IF(invoice_rma_connect_type = 'exchange', invoice_rma_connect_qty, 0)) AS e_qty,
       SUM(IF(invoice_rma_connect_type = 'exchange', pc_price, 0)) AS e_price,
       SUM(IF(invoice_rma_connect_type = 'return', invoice_rma_connect_qty, 0)) AS r_qty,
       SUM(IF(invoice_rma_connect_type = 'return', pc_price, 0)) AS r_price,
       invoice_rma_connect_rma_id

FROM invoice_rma_connect JOIN product_child ON pc_id = invoice_rma_connect_pc_id GROUP BY invoice_rma_connect_rma_id) AS t
ON invoice_rma_id = t.invoice_rma_connect_rma_id WHERE invoice_rma_status != 'denied' GROUP BY MONTH(invoice_rma_created_ts) ORDER BY invoice_rma_created_ts</sql><sql url="jdbc:mysql://192.168.0.247:3306/SBL_DB" date="1350067670402">SELECT invoice_rma_connect.*, SUM(invoice_rma_connect_qty), IF(invoice_rma_connect_specific_detail_id IS NULL, invoice_rma_connect_main_detail_id, CONCAT(invoice_rma_connect_main_detail_id, '-', invoice_rma_connect_specific_detail_id)) AS reason_id FROM invoice_rma_connect LEFT JOIN rma_options_main ON invoice_rma_connect_main_detail_id = rma_option_main_id GROUP BY reason_id</sql><sql url="jdbc:mysql://192.168.0.247:3306/SBL_DB" date="1350067846115">SELECT 
    SUM(invoice_rma_connect_qty) as howMany,
    IF(
        invoice_rma_connect_specific_detail_id IS NULL,
        invoice_rma_connect_main_detail_id,
        CONCAT(
            invoice_rma_connect_main_detail_id,
            '-',
            invoice_rma_connect_specific_detail_id
        )
    ) AS reason_id,
    CONCAT(rma_option_main_value, inventory_option_detail_details),
invoice_rma_connect.*, 
FROM invoice_rma_connect
LEFT JOIN rma_options_main ON invoice_rma_connect_main_detail_id = rma_option_main_id
LEFT JOIN rma_options_sub ON invoice_rma_connect_specific_detail_id = inventory_option_detail_id
GROUP BY reason_id</sql><sql url="jdbc:mysql://192.168.0.247:3306/SBL_DB" date="1350490075770">SELECT * from invoice_rma_connect WHERE invoice_rma_connect_rma_id IN (select i2.invoice_rma_connect_rma_id FROM invoice_rma_connect i2 GROUP BY i2.invoice_rma_connect_rma_id HAVING COUNT(*) &gt; 2)</sql><sql url="jdbc:mysql://192.168.0.247:3306/SBL_DB" date="1350067831695">SELECT invoice_rma_connect.*, 
    SUM(invoice_rma_connect_qty) as howMany, 
    IF(
        invoice_rma_connect_specific_detail_id IS NULL, 
        invoice_rma_connect_main_detail_id, 
        CONCAT(
            invoice_rma_connect_main_detail_id, 
            '-', 
            invoice_rma_connect_specific_detail_id
        )
    ) AS reason_id,
    CONCAT(rma_option_main_value, inventory_option_detail_details)
FROM invoice_rma_connect 
LEFT JOIN rma_options_main ON invoice_rma_connect_main_detail_id = rma_option_main_id 
LEFT JOIN rma_options_sub ON invoice_rma_connect_specific_detail_id = inventory_option_detail_id 
GROUP BY reason_id</sql><sql url="jdbc:mysql://192.168.0.247:3306/SBL_DB" date="1346359546431">SELECT IFNULL(MAX(scc_sub_order), 0) FROM sub_category_connect WHERE scc_category_id =28</sql><sql url="jdbc:mysql://192.168.0.247:3306/SBL_DB" date="1350067883746">SELECT 
    SUM(invoice_rma_connect_qty) as howMany,
    IF(
        invoice_rma_connect_specific_detail_id IS NULL,
        invoice_rma_connect_main_detail_id,
        CONCAT(
            invoice_rma_connect_main_detail_id,
            '-',
            invoice_rma_connect_specific_detail_id
        )
    ) AS reason_id,
rma_option_main_value,
    CONCAT(rma_option_main_value, inventory_option_detail_details),
invoice_rma_connect.*
FROM invoice_rma_connect
LEFT JOIN rma_options_main ON invoice_rma_connect_main_detail_id = rma_option_main_id
LEFT JOIN rma_options_sub ON invoice_rma_connect_specific_detail_id = inventory_option_detail_id
GROUP BY reason_id</sql><sql url="jdbc:mysql://192.168.0.247:3306/SBL_DB" date="1346359481676">SELECT * FROM sub_category_connect WHERE scc_category_id</sql><sql url="jdbc:mysql://192.168.0.247:3306/SBL_DB" date="1351108211447">SELECT * FROM invoice_rma WHERE DATE_FORMAT(invoice_rma_created_ts,'%b %Y') = 'Apr 2012
'</sql><sql url="jdbc:mysql://192.168.0.247:3306/SBL_DB" date="1346359468944">SELECT MAX(scc_sub_order) FROM sub_category_connect WHERE scc_category_id</sql><sql url="jdbc:mysql://192.168.0.247:3306/SBL_DB" date="1350496621102">SELECT 
       monthname(invoice_rma_created_ts) as label,
        week(invoice_rma_created_ts) AS ordering,
       SUM(t.e_qty),
       SUM(t.e_price),
       SUM(t.r_qty),
       SUM(t.r_price)
  FROM invoice_rma JOIN (SELECT SUM(IF(invoice_rma_connect_type = 'exchange', invoice_rma_connect_qty, 0)) AS e_qty,
       SUM(IF(invoice_rma_connect_type = 'exchange', pc_price, 0)) AS e_price,
       SUM(IF(invoice_rma_connect_type = 'return', invoice_rma_connect_qty, 0)) AS r_qty,
       SUM(IF(invoice_rma_connect_type = 'return', pc_price, 0)) AS r_price,
       invoice_rma_connect_rma_id

FROM invoice_rma_connect JOIN product_child ON pc_id = invoice_rma_connect_pc_id GROUP BY invoice_rma_connect_rma_id) AS t
ON invoice_rma_id = t.invoice_rma_connect_rma_id WHERE invoice_rma_status != 'denied' GROUP BY label ORDER BY ordering</sql><sql url="jdbc:mysql://192.168.0.247:3306/SBL_DB" date="1350067854524">SELECT 
    SUM(invoice_rma_connect_qty) as howMany,
    IF(
        invoice_rma_connect_specific_detail_id IS NULL,
        invoice_rma_connect_main_detail_id,
        CONCAT(
            invoice_rma_connect_main_detail_id,
            '-',
            invoice_rma_connect_specific_detail_id
        )
    ) AS reason_id,
    CONCAT(rma_option_main_value, inventory_option_detail_details),
invoice_rma_connect.*
FROM invoice_rma_connect
LEFT JOIN rma_options_main ON invoice_rma_connect_main_detail_id = rma_option_main_id
LEFT JOIN rma_options_sub ON invoice_rma_connect_specific_detail_id = inventory_option_detail_id
GROUP BY reason_id</sql><sql url="jdbc:mysql://192.168.0.247:3306/SBL_DB" date="1350490485955">SELECT SUM(IF(invoice_rma_connect_type = 'exchange', invoice_rma_connect_qty, 0)),
       SUM(IF(invoice_rma_connect_type = 'exchange', pc_price, 0)),
       SUM(IF(invoice_rma_connect_type = 'return', invoice_rma_connect_qty, 0)),
       SUM(IF(invoice_rma_connect_type = 'return', pc_price, 0)),
       invoice_rma_connect_rma_id 
FROM invoice_rma_connect JOIN product_child ON pc_id = invoice_rma_connect_pc_id WHERE invoice_rma_connect_rma_id = 1371 GROUP BY invoice_rma_connect_rma_id</sql><sql url="jdbc:mysql://192.168.0.247:3306/SBL_DB" date="1349987422944">select * from rma_options_main</sql><sql url="jdbc:mysql://192.168.0.247:3306/SBL_DB" date="1350489699532">select * from invoice_rma JOIN invoice_rma_connect ON invoice_rma_id = invoice_rma_connect_rma_id WHERE month(invoice_rma_created_ts) BETWEEN 8 AND 11</sql><sql url="jdbc:mysql://192.168.0.247:3306/SBL_DB" date="1350490183827">SELECT * FROM invoice_rma_connect JOIN product_child ON pc_id = invoice_rma_connect_pc_id WHERE invoice_rma_connect_rma_id = 1371</sql><sql url="jdbc:mysql://192.168.0.247:3306/SBL_DB" date="1350491242137">SELECT invoice_rma.*, t.* FROM invoice_rma JOIN (SELECT SUM(IF(invoice_rma_connect_type = 'exchange', invoice_rma_connect_qty, 0)) AS e_qty,
       SUM(IF(invoice_rma_connect_type = 'exchange', pc_price, 0)) AS e_price,
       SUM(IF(invoice_rma_connect_type = 'return', invoice_rma_connect_qty, 0)) AS r_qty,
       SUM(IF(invoice_rma_connect_type = 'return', pc_price, 0)) AS r_price,
       invoice_rma_connect_rma_id

FROM invoice_rma_connect JOIN product_child ON pc_id = invoice_rma_connect_pc_id GROUP BY invoice_rma_connect_rma_id) AS t
ON invoice_rma_id = t.invoice_rma_connect_rma_id WHERE invoice_rma_status != 'denied'</sql><sql url="jdbc:mysql://192.168.0.247:3306/SBL_DB" date="1350490866744">ON invoice_rma_id = t.invoice_rma_connect_id</sql><sql url="jdbc:mysql://192.168.0.247:3306/SBL_DB" date="1350490233452">SELECT pc_price, invoice_rma_connect_type, invoice_rma_connect.* FROM invoice_rma_connect JOIN product_child ON pc_id = invoice_rma_connect_pc_id WHERE invoice_rma_connect_rma_id = 1371</sql><sql url="jdbc:mysql://192.168.0.247:3306/SBL_DB" date="1350489672027">select * from invoice_rma WHERE month(invoice_rma_created_ts) BETWEEN 8 AND 11</sql><sql url="jdbc:mysql://192.168.0.247:3306/SBL_DB" date="1350490213835">SELECT pc_price, invoice_rma_connect.* FROM invoice_rma_connect JOIN product_child ON pc_id = invoice_rma_connect_pc_id WHERE invoice_rma_connect_rma_id = 1371</sql><sql url="jdbc:mysql://192.168.0.247:3306/SBL_DB" date="1350491455233">SELECT 
       monthname(invoice_rma_created_ts) as label,
       invoice_rma.*, t.* FROM invoice_rma JOIN (SELECT SUM(IF(invoice_rma_connect_type = 'exchange', invoice_rma_connect_qty, 0)) AS e_qty,
       SUM(IF(invoice_rma_connect_type = 'exchange', pc_price, 0)) AS e_price,
       SUM(IF(invoice_rma_connect_type = 'return', invoice_rma_connect_qty, 0)) AS r_qty,
       SUM(IF(invoice_rma_connect_type = 'return', pc_price, 0)) AS r_price,
       invoice_rma_connect_rma_id

FROM invoice_rma_connect JOIN product_child ON pc_id = invoice_rma_connect_pc_id GROUP BY invoice_rma_connect_rma_id) AS t
ON invoice_rma_id = t.invoice_rma_connect_rma_id WHERE invoice_rma_status != 'denied' GROUP BY label</sql><sql url="jdbc:mysql://192.168.0.247:3306/SBL_DB" date="1351177394328">SELECT * FROM invoice_rma JOIN invoice_rma_connect ON invoice_rma_id = invoice_rma_connect_rma_id JOIN product_child ON pc_id = invoice_rma_connect_pc_id JOIN rma_options_main ON rma_option_main_id = invoice_rma_connect_main_detail_id WHERE invoice_rma_connect_type = 'exchange'</sql><sql url="jdbc:mysql://192.168.0.247:3306/SBL_DB" date="1351177356836">SELECT * FROM invoice_rma JOIN invoice_rma_connect ON invoice_rma_id = invoice_rma_connect_rma_id JOIN product_child ON pc_id = invoice_rma_connect_pc_id WHERE AND invoice_rma_connect_type = 'exchange'</sql><sql url="jdbc:mysql://192.168.0.247:3306/SBL_DB" date="1348251222862">select * from customer_head</sql><sql url="jdbc:mysql://192.168.0.247:3306/SBL_DB" date="1350490259954">SELECT pc_price, invoice_rma_connect_type, invoice_rma_connect_qty, invoice_rma_connect_rma_id FROM invoice_rma_connect JOIN product_child ON pc_id = invoice_rma_connect_pc_id WHERE invoice_rma_connect_rma_id = 1371</sql></history>