<?xml version="1.0" encoding="UTF-8"?>
<!DOCTYPE fontscolors PUBLIC "-//NetBeans//DTD Editor Fonts and Colors settings 1.1//EN" "http://www.netbeans.org/dtds/EditorFontsColors-1_1.dtd">
<fontscolors>
    <fontcolor foreColor="cyan" name="PHP_VARIABLE"/>
    <fontcolor foreColor="ff5f91db" name="mod-method">
        <font style="bold"/>
    </fontcolor>
    <fontcolor default="uncovered" name="uncovered"/>
    <fontcolor foreColor="red" name="mod-private"/>
    <fontcolor name="mod-protected"/>
    <fontcolor default="identifier" name="PHP_STRING"/>
    <fontcolor name="mod-deprecated" strikeThrough="darkGray"/>
    <fontcolor bgColor="black" name="mark-occurrences"/>
    <fontcolor name="mod-abstract"/>
    <fontcolor default="field" name="mod-field"/>
    <fontcolor foreColor="ffbebed2" name="heredocdelimiter"/>
    <fontcolor foreColor="red" name="phpopenclose"/>
    <fontcolor default="covered" name="covered"/>
    <fontcolor foreColor="black" name="PHP_CONTENT"/>
    <fontcolor foreColor="red" name="mod-public"/>
    <fontcolor foreColor="white" name="mod-constructor"/>
    <fontcolor name="mod-local-variable"/>
    <fontcolor default="constant" foreColor="ff6c99bb" name="constant"/>
    <fontcolor foreColor="red" name="mod-parameter"/>
    <fontcolor default="keyword" foreColor="yellow" name="keyword"/>
    <fontcolor foreColor="pink" name="mod-static"/>
    <fontcolor default="partial" name="partial"/>
    <fontcolor default="inferred" name="inferred"/>
    <fontcolor default="operator" foreColor="yellow" name="operator"/>
    <fontcolor foreColor="black" name="T_INLINE_HTML"/>
    <fontcolor foreColor="ffe27be2" name="mod-class">
        <font style="bold"/>
    </fontcolor>
    <fontcolor foreColor="ff3399ff" name="mod-unused">
        <font style="italic"/>
    </fontcolor>
    <fontcolor default="string" foreColor="red" name="string"/>
    <fontcolor default="comment" name="phpdockeyword">
        <font style="bold"/>
    </fontcolor>
    <fontcolor default="comment" foreColor="ff4747af" name="comment"/>
    <fontcolor default="identifier" name="identifier"/>
    <fontcolor default="separator" foreColor="white" name="separator"/>
</fontscolors>
